sex,n,approval_rate,review_rate,decline_rate,avg_pd
1,359,0.055710306406685235,0.08635097493036212,0.8579387186629527,0.22178870818637955
2,641,0.046801872074883,0.10764430577223089,0.8455538221528861,0.21037138795937096
