age_band,n,approval_rate,avg_pd
"[18, 25)",81,0.0,0.2640434140529658
"[25, 35)",430,0.046511627906976744,0.20670695982717496
"[35, 45)",299,0.06354515050167224,0.21291273851281517
"[45, 55)",156,0.07051282051282051,0.21742285722162494
"[55, 65)",31,0.0,0.20518920232081217
"[65, 200)",3,0.0,0.08631894768039504
