{
  "valid": {
    "split": "valid",
    "n": 6000,
    "pos_rate": 0.22116666666666668,
    "AUC": 0.7723444869442715,
    "AP": 0.5265207851231374,
    "Brier": 0.13904645912026792,
    "threshold_star": 0.23571567213711142,
    "report_at_0.50": {
      "0": {
        "precision": 0.831307275107537,
        "recall": 0.9512090734003852,
        "f1-score": 0.8872255489021956,
        "support": 4673.0
      },
      "1": {
        "precision": 0.6508422664624809,
        "recall": 0.3202712886209495,
        "f1-score": 0.4292929292929293,
        "support": 1327.0
      },
      "accuracy": 0.8116666666666666,
      "macro avg": {
        "precision": 0.7410747707850089,
        "recall": 0.6357401810106673,
        "f1-score": 0.6582592390975625,
        "support": 6000.0
      },
      "weighted avg": {
        "precision": 0.7913944306955388,
        "recall": 0.8116666666666666,
        "f1-score": 0.7859461178652796,
        "support": 6000.0
      }
    },
    "report_at_star": {
      "0": {
        "precision": 0.8759191176470589,
        "recall": 0.815750053498823,
        "f1-score": 0.8447645429362881,
        "support": 4673.0
      },
      "1": {
        "precision": 0.47754854368932037,
        "recall": 0.5930670685757348,
        "f1-score": 0.5290756302521008,
        "support": 1327.0
      },
      "accuracy": 0.7665,
      "macro avg": {
        "precision": 0.6767338306681896,
        "recall": 0.7044085610372789,
        "f1-score": 0.6869200865941945,
        "support": 6000.0
      },
      "weighted avg": {
        "precision": 0.787812825706739,
        "recall": 0.7665,
        "f1-score": 0.7749446784143019,
        "support": 6000.0
      }
    },
    "confusion_at_0.50": [
      [
        4445,
        228
      ],
      [
        902,
        425
      ]
    ],
    "confusion_at_star": [
      [
        3812,
        861
      ],
      [
        540,
        787
      ]
    ]
  },
  "test": {
    "split": "test",
    "n": 6000,
    "pos_rate": 0.22116666666666668,
    "AUC": 0.7885225794060413,
    "AP": 0.5685917408823056,
    "Brier": 0.1326793146561217,
    "threshold_star": 0.22528675569725276,
    "report_at_0.50": {
      "0": {
        "precision": 0.8378935532233883,
        "recall": 0.9567729509950781,
        "f1-score": 0.8933959436507144,
        "support": 4673.0
      },
      "1": {
        "precision": 0.6957831325301205,
        "recall": 0.34815373021853807,
        "f1-score": 0.46408839779005523,
        "support": 1327.0
      },
      "accuracy": 0.8221666666666667,
      "macro avg": {
        "precision": 0.7668383428767545,
        "recall": 0.6524633406068081,
        "f1-score": 0.6787421707203848,
        "support": 6000.0
      },
      "weighted avg": {
        "precision": 0.8064634651800605,
        "recall": 0.8221666666666667,
        "f1-score": 0.7984474247578652,
        "support": 6000.0
      }
    },
    "report_at_star": {
      "0": {
        "precision": 0.8879677877783041,
        "recall": 0.8022683500962979,
        "f1-score": 0.8429454749859472,
        "support": 4673.0
      },
      "1": {
        "precision": 0.48031496062992124,
        "recall": 0.6435568952524491,
        "f1-score": 0.5500805152979066,
        "support": 1327.0
      },
      "accuracy": 0.7671666666666667,
      "macro avg": {
        "precision": 0.6841413742041127,
        "recall": 0.7229126226743735,
        "f1-score": 0.6965129951419269,
        "support": 6000.0
      },
      "weighted avg": {
        "precision": 0.7978085708406534,
        "recall": 0.7671666666666667,
        "f1-score": 0.7781735080682757,
        "support": 6000.0
      }
    },
    "confusion_at_0.50": [
      [
        4471,
        202
      ],
      [
        865,
        462
      ]
    ],
    "confusion_at_star": [
      [
        3749,
        924
      ],
      [
        473,
        854
      ]
    ]
  }
}