risk_band,n,avg_pd_year,current_limit,suggested_limit,avg_limit_delta
High,29973,0.7995398837127873,167277.20548493645,100432.14252827545,-66845.062956661
Medium,27,0.1737059867352002,353703.7037037037,353703.7037037037,0.0
