{
  "AUC_month": 0.8278842143557333,
  "AP_month": 0.6328156717377847,
  "Brier_month": 0.12307148735743116,
  "threshold_star_month": 0.23571567213711142,
  "confusion_at_star": [
    [
      19308,
      4056
    ],
    [
      2232,
      4404
    ]
  ],
  "report_at_star": {
    "0": {
      "precision": 0.8963788300835654,
      "recall": 0.8263995891114535,
      "f1-score": 0.8599679315873864,
      "support": 23364.0
    },
    "1": {
      "precision": 0.5205673758865248,
      "recall": 0.6636528028933092,
      "f1-score": 0.5834658187599364,
      "support": 6636.0
    },
    "accuracy": 0.7904,
    "macro avg": {
      "precision": 0.7084731029850451,
      "recall": 0.7450261960023814,
      "f1-score": 0.7217168751736613,
      "support": 30000.0
    },
    "weighted avg": {
      "precision": 0.81324933641518,
      "recall": 0.7904,
      "f1-score": 0.7988056642299545,
      "support": 30000.0
    }
  },
  "base_prevalence": 0.2212
}