sex_label,n,mean_pd_month,mean_pd_year,share_high,share_medium,share_low,avg_limit_bal,actual_default_rate
Female,18112,0.20953470832670848,0.7877352741179805,0.9988405477031802,0.001159452296819788,0.0,170048.3657243816,0.20776280918727916
Male,11888,0.2350272882836716,0.8161034413980789,0.9994952893674294,0.0005047106325706595,0.0,163478.6069986541,0.2416722745625841
