{
  "approval_rate":0.05,
  "expected_loss_rate":0.1197249132,
  "sum_limit":407416000.0,
  "avg_limit":271610.6666666667
}