{
  "n_applications": 1000,
  "approval_rate": 0.05,
  "review_rate": 0.1,
  "decline_rate": 0.85,
  "avg_limit_approved": 45770.67357202797,
  "sum_limit_approved": 2288533.6786013986,
  "expected_loss_rate": 0.11483335484955856,
  "approval_rate_by_sex": {
    "1": 0.055710306406685235,
    "2": 0.046801872074883
  },
  "approval_rate_by_age_band": {
    "[18, 25)": 0.0,
    "[25, 35)": 0.046511627906976744,
    "[35, 45)": 0.06354515050167224,
    "[45, 55)": 0.07051282051282051,
    "[55, 65)": 0.0,
    "[65, 200)": 0.0
  }
}