{
  "n_applications": 1000,
  "approval_rate": 0.075,
  "review_rate": 0.05,
  "decline_rate": 0.875,
  "avg_limit_approved": 39822.39185303529,
  "sum_limit_approved": 2986679.388977647,
  "expected_loss_rate": 0.12279523585741826,
  "approval_rate_by_sex": {
    "1": 0.0807799442896936,
    "2": 0.0717628705148206
  },
  "approval_rate_by_age_band": {
    "[18, 25)": 0.0,
    "[25, 35)": 0.07906976744186046,
    "[35, 45)": 0.07692307692307693,
    "[45, 55)": 0.09615384615384616,
    "[55, 65)": 0.0967741935483871,
    "[65, 200)": 0.0
  }
}