risk_band,apps,avg_pd,avg_limit,sum_limit,exp_loss
C (5–10%),1,0.09844612815894083,200000.0,200000.0,6694.336714807976
D (>10%),16499,0.6629371151828802,16072.435900273029,265179119.9186047,50659415.2940116
