sex,n,approval_rate,review_rate,decline_rate,avg_pd,avg_limit_approved,approval_rate_ratio_vs_ref
1,359,0.055710306406685235,0.08635097493036212,0.8579387186629527,0.22178870818637955,49975.949714338596,1.1903435468895078
2,641,0.046801872074883,0.10764430577223089,0.8455538221528861,0.21037138795937096,42967.15614382082,1.0
